{
  "hp_mae": 12.582365036010742,
  "hp_rmse": 21.084999084472656,
  "hp_r2": 0.6795012950897217,
  "ko_auc": 0.9248103780456425,
  "ko_acc": 0.9136499801494207,
  "ko_bce": 0.2043653130531311,
  "weather_acc": 0.6760746381780778,
  "terrain_acc": 0.6459919875843649,
  "binary_field_acc": 0.8784001636168959,
  "reward_mae": 1.135925054550171,
  "reward_rmse": 1.6609370708465576,
  "reward_correlation": 0.634002514081235,
  "reward_bias": 0.1407325565814972
}