{
  "n_matchups": 500,
  "bc_exploitability_mean": 1.522892830802518,
  "bc_exploitability_mean_ci": [
    1.4706004975553908,
    1.5754754324718725
  ],
  "bc_exploitability_median": 1.5084617364125912,
  "bc_exploitability_median_ci": [
    1.4298501822981606,
    1.5637861824186623
  ],
  "bc_exploitability_std": 0.5947131680802528,
  "game_value_mean": 0.04565424489199421,
  "game_value_std": 0.7944840030906606,
  "bc_worst_case_mean": -1.477238585910524,
  "bc_worst_case_mean_ci": [
    -1.5560632394483276,
    -1.395923563472097
  ],
  "bc_vs_bc_mean": 0.06233336525377821,
  "bc_vs_bc_mean_ci": [
    -0.015013016585685013,
    0.14111341130124835
  ],
  "best_response_to_bc_mean": 1.6150451944699378,
  "best_response_to_bc_mean_ci": [
    1.5272335430809436,
    1.702728523045902
  ],
  "stackelberg_gap_mean": 1.5693909495779435,
  "stackelberg_gap_mean_ci": [
    1.511248260284422,
    1.6260340546553573
  ],
  "bootstrap": {
    "bc_exploitability": {
      "mean": 1.522892830802518,
      "mean_ci_lo": 1.4706004975553908,
      "mean_ci_hi": 1.5754754324718725,
      "median": 1.5084617364125912,
      "median_ci_lo": 1.4298501822981606,
      "median_ci_hi": 1.5637861824186623
    },
    "game_value": {
      "mean": 0.04565424489199421,
      "mean_ci_lo": -0.0231242993294242,
      "mean_ci_hi": 0.1168913825013369,
      "median": 0.022950355366925704,
      "median_ci_lo": 0.016014459978743317,
      "median_ci_hi": 0.040598858161664295
    },
    "bc_worst_case": {
      "mean": -1.477238585910524,
      "mean_ci_lo": -1.5560632394483276,
      "mean_ci_hi": -1.395923563472097,
      "median": -1.4674952086891286,
      "median_ci_lo": -1.5290617185861473,
      "median_ci_hi": -1.362352398106998
    },
    "bc_vs_bc": {
      "mean": 0.06233336525377821,
      "mean_ci_lo": -0.015013016585685013,
      "mean_ci_hi": 0.14111341130124835,
      "median": 0.047719152109334445,
      "median_ci_lo": -0.02412883431161585,
      "median_ci_hi": 0.11591523515779716
    },
    "best_response_to_bc": {
      "mean": 1.6150451944699378,
      "mean_ci_lo": 1.5272335430809436,
      "mean_ci_hi": 1.702728523045902,
      "median": 1.5725936010334243,
      "median_ci_lo": 1.4515002467673819,
      "median_ci_hi": 1.7069786039655002
    },
    "stackelberg_gap": {
      "mean": 1.5693909495779435,
      "mean_ci_lo": 1.511248260284422,
      "mean_ci_hi": 1.6260340546553573,
      "median": 1.4889004620016926,
      "median_ci_lo": 1.423692700967333,
      "median_ci_hi": 1.5650480034095846
    }
  }
}