{
  "w_ko_1.0": {
    "reward_weights": {
      "w_hp": 1.0,
      "w_ko": 1.0,
      "w_field": 0.5
    },
    "n_matchups": 200,
    "bc_exploitability_mean": 0.5933451316503487,
    "bc_exploitability_mean_ci": [
      0.56202709184668,
      0.6245774287739911
    ],
    "game_value_mean": 0.053097207275997024,
    "game_value_mean_ci": [
      0.006304840063971687,
      0.10130798582539079
    ],
    "bc_vs_bc_mean": 0.09066967476070004,
    "bc_vs_bc_mean_ci": [
      0.035091513581593285,
      0.1483414691070459
    ],
    "bc_vs_bc_minus_nash_mean": 0.037572467484703005,
    "bc_vs_bc_minus_nash_mean_ci": [
      -0.0019775183876097157,
      0.0794195537097752
    ],
    "bc_worst_case_mean": -0.5402479243743518,
    "best_response_to_bc_mean": 0.7077407037936713,
    "bootstrap": {
      "bc_exploitability": {
        "mean": 0.5933451316503487,
        "mean_ci_lo": 0.56202709184668,
        "mean_ci_hi": 0.6245774287739911,
        "median": 0.5651026447343428,
        "median_ci_lo": 0.5284999491208358,
        "median_ci_hi": 0.6205572527865708
      },
      "game_value": {
        "mean": 0.053097207275997024,
        "mean_ci_lo": 0.006304840063971687,
        "mean_ci_hi": 0.10130798582539079,
        "median": 0.03598700131402495,
        "median_ci_lo": 0.020173166161732956,
        "median_ci_hi": 0.06679068618941403
      },
      "bc_vs_bc": {
        "mean": 0.09066967476070004,
        "mean_ci_lo": 0.035091513581593285,
        "mean_ci_hi": 0.1483414691070459,
        "median": 0.05580471728571555,
        "median_ci_lo": 0.009472252535917986,
        "median_ci_hi": 0.10810746558155326
      },
      "bc_worst_case": {
        "mean": -0.5402479243743518,
        "mean_ci_lo": -0.591191722241765,
        "mean_ci_hi": -0.48931380062113233,
        "median": -0.5413641093859844,
        "median_ci_lo": -0.6146742337959777,
        "median_ci_hi": -0.49770890751244934
      },
      "best_response_to_bc": {
        "mean": 0.7077407037936713,
        "mean_ci_lo": 0.6470634075833256,
        "mean_ci_hi": 0.7706217214353586,
        "median": 0.6766248511353044,
        "median_ci_lo": 0.6000492104907708,
        "median_ci_hi": 0.7617065399894294
      },
      "bc_vs_bc_minus_nash": {
        "mean": 0.037572467484703005,
        "mean_ci_lo": -0.0019775183876097157,
        "mean_ci_hi": 0.0794195537097752,
        "median": 0.012397722876620942,
        "median_ci_lo": -0.019918163360464376,
        "median_ci_hi": 0.050991285554142604
      }
    }
  },
  "w_ko_3.0": {
    "reward_weights": {
      "w_hp": 1.0,
      "w_ko": 3.0,
      "w_field": 0.5
    },
    "n_matchups": 200,
    "bc_exploitability_mean": 1.478775058507112,
    "bc_exploitability_mean_ci": [
      1.3982614982734707,
      1.5592060853350387
    ],
    "game_value_mean": 0.02764617948076689,
    "game_value_mean_ci": [
      -0.08636454483638868,
      0.14327408953984877
    ],
    "bc_vs_bc_mean": 0.051246776445869974,
    "bc_vs_bc_mean_ci": [
      -0.07464734946043339,
      0.18305343643632713
    ],
    "bc_vs_bc_minus_nash_mean": 0.02360059696510308,
    "bc_vs_bc_minus_nash_mean_ci": [
      -0.06441180045727907,
      0.11353627636670187
    ],
    "bc_worst_case_mean": -1.451128879026345,
    "best_response_to_bc_mean": 1.5518954372341534,
    "bootstrap": {
      "bc_exploitability": {
        "mean": 1.478775058507112,
        "mean_ci_lo": 1.3982614982734707,
        "mean_ci_hi": 1.5592060853350387,
        "median": 1.4667086251995418,
        "median_ci_lo": 1.3374022816276194,
        "median_ci_hi": 1.5714074159922293
      },
      "game_value": {
        "mean": 0.02764617948076689,
        "mean_ci_lo": -0.08636454483638868,
        "mean_ci_hi": 0.14327408953984877,
        "median": 0.017748862105187294,
        "median_ci_lo": 0.004425796347939222,
        "median_ci_hi": 0.040598858161664295
      },
      "bc_vs_bc": {
        "mean": 0.051246776445869974,
        "mean_ci_lo": -0.07464734946043339,
        "mean_ci_hi": 0.18305343643632713,
        "median": 0.021247945486567523,
        "median_ci_lo": -0.09815823586003758,
        "median_ci_hi": 0.08879874650526232
      },
      "bc_worst_case": {
        "mean": -1.451128879026345,
        "mean_ci_lo": -1.5775803737066112,
        "mean_ci_hi": -1.325457085489508,
        "median": -1.4843004752332496,
        "median_ci_lo": -1.5959833742274399,
        "median_ci_hi": -1.323198873723466
      },
      "best_response_to_bc": {
        "mean": 1.5518954372341534,
        "mean_ci_lo": 1.4087543840252443,
        "mean_ci_hi": 1.7002792811596164,
        "median": 1.473400425820099,
        "median_ci_lo": 1.319278805018243,
        "median_ci_hi": 1.5961895162539461
      },
      "bc_vs_bc_minus_nash": {
        "mean": 0.02360059696510308,
        "mean_ci_lo": -0.06441180045727907,
        "mean_ci_hi": 0.11353627636670187,
        "median": 0.020378214261218806,
        "median_ci_lo": -0.06652816543878365,
        "median_ci_hi": 0.08157395872566581
      }
    }
  },
  "w_ko_5.0": {
    "reward_weights": {
      "w_hp": 1.0,
      "w_ko": 5.0,
      "w_field": 0.5
    },
    "n_matchups": 200,
    "bc_exploitability_mean": 2.373162721152013,
    "bc_exploitability_mean_ci": [
      2.24309788644267,
      2.5032777293891937
    ],
    "game_value_mean": 0.0011953235055476253,
    "game_value_mean_ci": [
      -0.17944627800014898,
      0.18626915570548994
    ],
    "bc_vs_bc_mean": 0.011823878604969923,
    "bc_vs_bc_mean_ci": [
      -0.18645676791806065,
      0.21860389816157294
    ],
    "bc_vs_bc_minus_nash_mean": 0.010628555099422322,
    "bc_vs_bc_minus_nash_mean_ci": [
      -0.12460036564224038,
      0.15078733397646807
    ],
    "bc_worst_case_mean": -2.3719673976464652,
    "best_response_to_bc_mean": 2.4056485351420065,
    "bootstrap": {
      "bc_exploitability": {
        "mean": 2.373162721152013,
        "mean_ci_lo": 2.24309788644267,
        "mean_ci_hi": 2.5032777293891937,
        "median": 2.3425141862819805,
        "median_ci_lo": 2.1854683146787344,
        "median_ci_hi": 2.513998273286756
      },
      "game_value": {
        "mean": 0.0011953235055476253,
        "mean_ci_lo": -0.17944627800014898,
        "mean_ci_hi": 0.18626915570548994,
        "median": 0.013669153772806468,
        "median_ci_lo": -0.05737801202487522,
        "median_ci_hi": 0.031183453225772793
      },
      "bc_vs_bc": {
        "mean": 0.011823878604969923,
        "mean_ci_lo": -0.18645676791806065,
        "mean_ci_hi": 0.21860389816157294,
        "median": -0.026493666123811398,
        "median_ci_lo": -0.19740518518446973,
        "median_ci_hi": 0.07611078745441174
      },
      "bc_worst_case": {
        "mean": -2.3719673976464652,
        "mean_ci_lo": -2.575296241963917,
        "mean_ci_hi": -2.1701227500377986,
        "median": -2.4249622928786643,
        "median_ci_lo": -2.5743847508668187,
        "median_ci_hi": -2.182302381552093
      },
      "best_response_to_bc": {
        "mean": 2.4056485351420065,
        "mean_ci_lo": 2.180201332624189,
        "mean_ci_hi": 2.640800513211074,
        "median": 2.250489429369324,
        "median_ci_lo": 1.974229111806861,
        "median_ci_hi": 2.4616204589837194
      },
      "bc_vs_bc_minus_nash": {
        "mean": 0.010628555099422322,
        "mean_ci_lo": -0.12460036564224038,
        "mean_ci_hi": 0.15078733397646807,
        "median": -0.004071001150783911,
        "median_ci_lo": -0.12044390405080374,
        "median_ci_hi": 0.08348395924031887
      }
    }
  }
}