{
  "w_ko_1.0": {
    "reward_weights": {
      "w_hp": 1.0,
      "w_ko": 1.0,
      "w_field": 0.5
    },
    "n_matchups": 500,
    "bc_exploitability_mean": 0.5787786206173284,
    "bc_exploitability_mean_ci": [
      0.5584428310313837,
      0.5986675293707134
    ],
    "game_value_mean": 0.11808567182755753,
    "game_value_mean_ci": [
      0.08511086503392916,
      0.15267879145601446
    ],
    "bc_vs_bc_mean": 0.13340429816127242,
    "bc_vs_bc_mean_ci": [
      0.0976252568723992,
      0.1698748576063269
    ],
    "bc_vs_bc_minus_nash_mean": 0.01531862633371488,
    "bc_vs_bc_minus_nash_mean_ci": [
      -0.009114324126502218,
      0.03978734639354215
    ],
    "bc_worst_case_mean": -0.4606929487897709,
    "best_response_to_bc_mean": 0.7196847730359425,
    "bootstrap": {
      "bc_exploitability": {
        "mean": 0.5787786206173284,
        "mean_ci_lo": 0.5584428310313837,
        "mean_ci_hi": 0.5986675293707134,
        "median": 0.5534480117184375,
        "median_ci_lo": 0.529426492199114,
        "median_ci_hi": 0.5741742138371867
      },
      "game_value": {
        "mean": 0.11808567182755753,
        "mean_ci_lo": 0.08511086503392916,
        "mean_ci_hi": 0.15267879145601446,
        "median": 0.06689458583061458,
        "median_ci_lo": 0.04332132233992695,
        "median_ci_hi": 0.08342470856730279
      },
      "bc_vs_bc": {
        "mean": 0.13340429816127242,
        "mean_ci_lo": 0.0976252568723992,
        "mean_ci_hi": 0.1698748576063269,
        "median": 0.08340171605817562,
        "median_ci_lo": 0.0514150225792919,
        "median_ci_hi": 0.120266378617669
      },
      "bc_worst_case": {
        "mean": -0.4606929487897709,
        "mean_ci_lo": -0.49539486388630544,
        "mean_ci_hi": -0.4256640720990082,
        "median": -0.46524621016528,
        "median_ci_lo": -0.5109689973215401,
        "median_ci_hi": -0.42048342088771096
      },
      "best_response_to_bc": {
        "mean": 0.7196847730359425,
        "mean_ci_lo": 0.6823589808561139,
        "mean_ci_hi": 0.7593009715028246,
        "median": 0.6738615526571556,
        "median_ci_lo": 0.630048694112929,
        "median_ci_hi": 0.7119959736629828
      },
      "bc_vs_bc_minus_nash": {
        "mean": 0.01531862633371488,
        "mean_ci_lo": -0.009114324126502218,
        "mean_ci_hi": 0.03978734639354215,
        "median": 0.0033203938954220816,
        "median_ci_lo": -0.009807401391164143,
        "median_ci_hi": 0.024974561449827376
      }
    }
  },
  "w_ko_3.0": {
    "reward_weights": {
      "w_hp": 1.0,
      "w_ko": 3.0,
      "w_field": 0.5
    },
    "n_matchups": 500,
    "bc_exploitability_mean": 1.407440022225582,
    "bc_exploitability_mean_ci": [
      1.3554347842240244,
      1.4586988497060895
    ],
    "game_value_mean": 0.22127480925137546,
    "game_value_mean_ci": [
      0.14116855972621212,
      0.3040063882190985
    ],
    "bc_vs_bc_mean": 0.20227826958810738,
    "bc_vs_bc_mean_ci": [
      0.12252204762303798,
      0.2839519711221937
    ],
    "bc_vs_bc_minus_nash_mean": -0.018996539663268065,
    "bc_vs_bc_minus_nash_mean_ci": [
      -0.0734703957417332,
      0.035948420974215814
    ],
    "bc_worst_case_mean": -1.1861652129742064,
    "best_response_to_bc_mean": 1.6283668162869804,
    "bootstrap": {
      "bc_exploitability": {
        "mean": 1.407440022225582,
        "mean_ci_lo": 1.3554347842240244,
        "mean_ci_hi": 1.4586988497060895,
        "median": 1.3301095054569603,
        "median_ci_lo": 1.2660122692922333,
        "median_ci_hi": 1.396210657886746
      },
      "game_value": {
        "mean": 0.22127480925137546,
        "mean_ci_lo": 0.14116855972621212,
        "mean_ci_hi": 0.3040063882190985,
        "median": 0.08187732153492003,
        "median_ci_lo": 0.05423189861876714,
        "median_ci_hi": 0.1560269221186774
      },
      "bc_vs_bc": {
        "mean": 0.20227826958810738,
        "mean_ci_lo": 0.12252204762303798,
        "mean_ci_hi": 0.2839519711221937,
        "median": 0.07726312497064927,
        "median_ci_lo": 0.031865920068533206,
        "median_ci_hi": 0.14917841465777598
      },
      "bc_worst_case": {
        "mean": -1.1861652129742064,
        "mean_ci_lo": -1.2698785073801504,
        "mean_ci_hi": -1.101018421177053,
        "median": -1.1873416984796794,
        "median_ci_lo": -1.2810558157430758,
        "median_ci_hi": -1.0582482965773867
      },
      "best_response_to_bc": {
        "mean": 1.6283668162869804,
        "mean_ci_lo": 1.5426870158954502,
        "mean_ci_hi": 1.7193797361115186,
        "median": 1.5507343945993608,
        "median_ci_lo": 1.3968890309224284,
        "median_ci_hi": 1.6459657627130926
      },
      "bc_vs_bc_minus_nash": {
        "mean": -0.018996539663268065,
        "mean_ci_lo": -0.0734703957417332,
        "mean_ci_hi": 0.035948420974215814,
        "median": -0.02628975226180511,
        "median_ci_lo": -0.07713013399849179,
        "median_ci_hi": 0.020030887153474796
      }
    }
  },
  "w_ko_5.0": {
    "reward_weights": {
      "w_hp": 1.0,
      "w_ko": 5.0,
      "w_field": 0.5
    },
    "n_matchups": 500,
    "bc_exploitability_mean": 2.24573986169868,
    "bc_exploitability_mean_ci": [
      2.161667469625991,
      2.3297469851092534
    ],
    "game_value_mean": 0.31913344786798326,
    "game_value_mean_ci": [
      0.19164465103938824,
      0.4508858616658814
    ],
    "bc_vs_bc_mean": 0.2711522401185413,
    "bc_vs_bc_mean_ci": [
      0.14664454052852458,
      0.3987430885040295
    ],
    "bc_vs_bc_minus_nash_mean": -0.04798120774944198,
    "bc_vs_bc_minus_nash_mean_ci": [
      -0.1329854940097948,
      0.038608911178267244
    ],
    "bc_worst_case_mean": -1.9266064138306964,
    "best_response_to_bc_mean": 2.5483050245764125,
    "bootstrap": {
      "bc_exploitability": {
        "mean": 2.24573986169868,
        "mean_ci_lo": 2.161667469625991,
        "mean_ci_hi": 2.3297469851092534,
        "median": 2.1389017571177984,
        "median_ci_lo": 2.0484476641378198,
        "median_ci_hi": 2.2321375052351424
      },
      "game_value": {
        "mean": 0.31913344786798326,
        "mean_ci_lo": 0.19164465103938824,
        "mean_ci_hi": 0.4508858616658814,
        "median": 0.08977661101340065,
        "median_ci_lo": 0.06130402936474169,
        "median_ci_hi": 0.19498369755142145
      },
      "bc_vs_bc": {
        "mean": 0.2711522401185413,
        "mean_ci_lo": 0.14664454052852458,
        "mean_ci_hi": 0.3987430885040295,
        "median": 0.09103436268562576,
        "median_ci_lo": 0.00833057429086189,
        "median_ci_hi": 0.18484408453605294
      },
      "bc_worst_case": {
        "mean": -1.9266064138306964,
        "mean_ci_lo": -2.0605275663024454,
        "mean_ci_hi": -1.7908050821695798,
        "median": -1.935418958859806,
        "median_ci_lo": -2.0599949903277293,
        "median_ci_hi": -1.7091932325465302
      },
      "best_response_to_bc": {
        "mean": 2.5483050245764125,
        "mean_ci_lo": 2.413022839548824,
        "mean_ci_hi": 2.6911724253568123,
        "median": 2.3979637632035136,
        "median_ci_lo": 2.229330223629513,
        "median_ci_hi": 2.6214181265201546
      },
      "bc_vs_bc_minus_nash": {
        "mean": -0.04798120774944198,
        "mean_ci_lo": -0.1329854940097948,
        "mean_ci_hi": 0.038608911178267244,
        "median": -0.04948823797399343,
        "median_ci_lo": -0.10952427820004197,
        "median_ci_hi": 0.004759102314302058
      }
    }
  }
}