{
  "w_ko_1.0": {
    "reward_weights": {
      "w_hp": 1.0,
      "w_ko": 1.0,
      "w_field": 0.5
    },
    "n_matchups": 200,
    "bc_exploitability_mean": 0.603057395045743,
    "bc_exploitability_mean_ci": [
      0.5685627715234031,
      0.6384602587703684
    ],
    "game_value_mean": 0.09769827114055989,
    "game_value_mean_ci": [
      0.04689373748519911,
      0.15042076784858202
    ],
    "bc_vs_bc_mean": 0.11712789827140063,
    "bc_vs_bc_mean_ci": [
      0.06269810694033746,
      0.1756966195968081
    ],
    "bc_vs_bc_minus_nash_mean": 0.01942962713084073,
    "bc_vs_bc_minus_nash_mean_ci": [
      -0.016503564159131706,
      0.056829112957736044
    ],
    "bc_worst_case_mean": -0.505359123905183,
    "best_response_to_bc_mean": 0.7114969778763108,
    "bootstrap": {
      "bc_exploitability": {
        "mean": 0.603057395045743,
        "mean_ci_lo": 0.5685627715234031,
        "mean_ci_hi": 0.6384602587703684,
        "median": 0.5642950467172907,
        "median_ci_lo": 0.5361295683138141,
        "median_ci_hi": 0.612302618310095
      },
      "game_value": {
        "mean": 0.09769827114055989,
        "mean_ci_lo": 0.04689373748519911,
        "mean_ci_hi": 0.15042076784858202,
        "median": 0.058186894068716896,
        "median_ci_lo": 0.04832184478569978,
        "median_ci_hi": 0.07958376711803425
      },
      "bc_vs_bc": {
        "mean": 0.11712789827140063,
        "mean_ci_lo": 0.06269810694033746,
        "mean_ci_hi": 0.1756966195968081,
        "median": 0.07627005763171796,
        "median_ci_lo": 0.036276448797816635,
        "median_ci_hi": 0.12188286773042481
      },
      "bc_worst_case": {
        "mean": -0.505359123905183,
        "mean_ci_lo": -0.5594030844945449,
        "mean_ci_hi": -0.4487032788904029,
        "median": -0.5040199706666239,
        "median_ci_lo": -0.5643746716328645,
        "median_ci_hi": -0.43720406369981607
      },
      "best_response_to_bc": {
        "mean": 0.7114969778763108,
        "mean_ci_lo": 0.6511236270399022,
        "mean_ci_hi": 0.7747351543107994,
        "median": 0.6680465314199568,
        "median_ci_lo": 0.5945256804059916,
        "median_ci_hi": 0.7274376376931239
      },
      "bc_vs_bc_minus_nash": {
        "mean": 0.01942962713084073,
        "mean_ci_lo": -0.016503564159131706,
        "mean_ci_hi": 0.056829112957736044,
        "median": 0.014502469350814479,
        "median_ci_lo": -0.01840913479900852,
        "median_ci_hi": 0.03754889153286472
      }
    }
  },
  "w_ko_3.0": {
    "reward_weights": {
      "w_hp": 1.0,
      "w_ko": 3.0,
      "w_field": 0.5
    },
    "n_matchups": 200,
    "bc_exploitability_mean": 1.4367412131503607,
    "bc_exploitability_mean_ci": [
      1.3484754690234877,
      1.5273645017247006
    ],
    "game_value_mean": 0.1848449954609604,
    "game_value_mean_ci": [
      0.06393272309533313,
      0.3121735682649054
    ],
    "bc_vs_bc_mean": 0.1726195890236821,
    "bc_vs_bc_mean_ci": [
      0.04814445095630689,
      0.30449039754502005
    ],
    "bc_vs_bc_minus_nash_mean": -0.012225406437278248,
    "bc_vs_bc_minus_nash_mean_ci": [
      -0.09339311191705985,
      0.07391495797855767
    ],
    "bc_worst_case_mean": -1.2518962176894002,
    "best_response_to_bc_mean": 1.5982125361777224,
    "bootstrap": {
      "bc_exploitability": {
        "mean": 1.4367412131503607,
        "mean_ci_lo": 1.3484754690234877,
        "mean_ci_hi": 1.5273645017247006,
        "median": 1.331646976667369,
        "median_ci_lo": 1.2234549493201954,
        "median_ci_hi": 1.458284907217892
      },
      "game_value": {
        "mean": 0.1848449954609604,
        "mean_ci_lo": 0.06393272309533313,
        "mean_ci_hi": 0.3121735682649054,
        "median": 0.05394448765080172,
        "median_ci_lo": 0.04099598576540339,
        "median_ci_hi": 0.08500829945109534
      },
      "bc_vs_bc": {
        "mean": 0.1726195890236821,
        "mean_ci_lo": 0.04814445095630689,
        "mean_ci_hi": 0.30449039754502005,
        "median": 0.07630609740887045,
        "median_ci_lo": 0.018449490380525426,
        "median_ci_hi": 0.16812383608035625
      },
      "bc_worst_case": {
        "mean": -1.2518962176894002,
        "mean_ci_lo": -1.3841043984699561,
        "mean_ci_hi": -1.1169155366778023,
        "median": -1.230501386136658,
        "median_ci_lo": -1.391532953671358,
        "median_ci_hi": -1.0897418280032878
      },
      "best_response_to_bc": {
        "mean": 1.5982125361777224,
        "mean_ci_lo": 1.454897030075828,
        "mean_ci_hi": 1.7467520485443235,
        "median": 1.5216304753939776,
        "median_ci_lo": 1.3365036954883973,
        "median_ci_hi": 1.6704450434751121
      },
      "bc_vs_bc_minus_nash": {
        "mean": -0.012225406437278248,
        "mean_ci_lo": -0.09339311191705985,
        "mean_ci_hi": 0.07391495797855767,
        "median": -0.02110146541618323,
        "median_ci_lo": -0.08326451861813355,
        "median_ci_hi": 0.037142761939669956
      }
    }
  },
  "w_ko_5.0": {
    "reward_weights": {
      "w_hp": 1.0,
      "w_ko": 5.0,
      "w_field": 0.5
    },
    "n_matchups": 200,
    "bc_exploitability_mean": 2.283182392236727,
    "bc_exploitability_mean_ci": [
      2.1389793341675225,
      2.4307860397114873
    ],
    "game_value_mean": 0.26557928500973466,
    "game_value_mean_ci": [
      0.07257423873011618,
      0.4683142107469179
    ],
    "bc_vs_bc_mean": 0.22811128055940277,
    "bc_vs_bc_mean_ci": [
      0.033261523225101154,
      0.432220967677419
    ],
    "bc_vs_bc_minus_nash_mean": -0.037468004450331896,
    "bc_vs_bc_minus_nash_mean_ci": [
      -0.1656590883272035,
      0.0973432356947025
    ],
    "bc_worst_case_mean": -2.017603107226993,
    "best_response_to_bc_mean": 2.498691230168055,
    "bootstrap": {
      "bc_exploitability": {
        "mean": 2.283182392236727,
        "mean_ci_lo": 2.1389793341675225,
        "mean_ci_hi": 2.4307860397114873,
        "median": 2.125874918249867,
        "median_ci_lo": 1.9414740654307276,
        "median_ci_hi": 2.288892771105629
      },
      "game_value": {
        "mean": 0.26557928500973466,
        "mean_ci_lo": 0.07257423873011618,
        "mean_ci_hi": 0.4683142107469179,
        "median": 0.05263631074900835,
        "median_ci_lo": 0.035736189077367815,
        "median_ci_hi": 0.0877427003581546
      },
      "bc_vs_bc": {
        "mean": 0.22811128055940277,
        "mean_ci_lo": 0.033261523225101154,
        "mean_ci_hi": 0.432220967677419,
        "median": 0.09088010690961104,
        "median_ci_lo": -0.01377353330527742,
        "median_ci_hi": 0.2051687150549364
      },
      "bc_worst_case": {
        "mean": -2.017603107226993,
        "mean_ci_lo": -2.2292360645017655,
        "mean_ci_hi": -1.8024380847668455,
        "median": -1.9892642434449095,
        "median_ci_lo": -2.2889404073382087,
        "median_ci_hi": -1.7516851833070541
      },
      "best_response_to_bc": {
        "mean": 2.498691230168055,
        "mean_ci_lo": 2.2710724780721248,
        "mean_ci_hi": 2.7339490907142183,
        "median": 2.396640034817618,
        "median_ci_lo": 2.1052561262188174,
        "median_ci_hi": 2.648305192717828
      },
      "bc_vs_bc_minus_nash": {
        "mean": -0.037468004450331896,
        "mean_ci_lo": -0.1656590883272035,
        "mean_ci_hi": 0.0973432356947025,
        "median": -0.036373887033615104,
        "median_ci_lo": -0.1223785393537078,
        "median_ci_hi": 0.03809383305682022
      }
    }
  }
}