{
  "n_matchups": 200,
  "alphas": [
    0.0,
    0.1,
    0.2,
    0.3,
    0.4,
    0.5,
    0.6,
    0.7,
    0.8,
    0.9,
    1.0
  ],
  "per_alpha": {
    "0.0": {
      "exploit_mean": 1.478775058507112,
      "exploit_ci": [
        1.398261498273471,
        1.5592060853350391
      ],
      "exploit_median": 1.466708625199542,
      "exploit_median_ci": [
        1.3374022816276194,
        1.5714074159922289
      ],
      "worst_case_mean": -1.451128879026345,
      "worst_case_ci": [
        -1.5775803737066116,
        -1.325457085489508
      ]
    },
    "0.1": {
      "exploit_mean": 1.3170850294400955,
      "exploit_ci": [
        1.2449255512811155,
        1.3893458673494907
      ],
      "exploit_median": 1.2997507732415867,
      "exploit_median_ci": [
        1.2008066701043258,
        1.4102712447298535
      ],
      "worst_case_mean": -1.2894388499593286,
      "worst_case_ci": [
        -1.4117930472880953,
        -1.1671400339171405
      ]
    },
    "0.2": {
      "exploit_mean": 1.1595762607503886,
      "exploit_ci": [
        1.0958086377701375,
        1.2234257259443158
      ],
      "exploit_median": 1.1375387401665824,
      "exploit_median_ci": [
        1.0543501179409227,
        1.2438198602076107
      ],
      "worst_case_mean": -1.1319300812696216,
      "worst_case_ci": [
        -1.2516775270577636,
        -1.0118395890908367
      ]
    },
    "0.3": {
      "exploit_mean": 1.004413788727214,
      "exploit_ci": [
        0.9487531365057439,
        1.0599972497568153
      ],
      "exploit_median": 0.9751611904848321,
      "exploit_median_ci": [
        0.9094960236634286,
        1.075960410880382
      ],
      "worst_case_mean": -0.9767676092464472,
      "worst_case_ci": [
        -1.0940724091612866,
        -0.8598178847350993
      ]
    },
    "0.4": {
      "exploit_mean": 0.852380208632227,
      "exploit_ci": [
        0.8042352300677216,
        0.8996049100997018
      ],
      "exploit_median": 0.8289173628210875,
      "exploit_median_ci": [
        0.7795680202829403,
        0.9048253089902335
      ],
      "worst_case_mean": -0.8247340291514601,
      "worst_case_ci": [
        -0.9401514371044762,
        -0.7094527077115702
      ]
    },
    "0.5": {
      "exploit_mean": 0.7042635428189006,
      "exploit_ci": [
        0.6642167640424474,
        0.7437553812565584
      ],
      "exploit_median": 0.6814367572005544,
      "exploit_median_ci": [
        0.6410384147209978,
        0.7465458846275856
      ],
      "worst_case_mean": -0.6766173633381336,
      "worst_case_ci": [
        -0.790013100202353,
        -0.5621519009593202
      ]
    },
    "0.6": {
      "exploit_mean": 0.5587244429547992,
      "exploit_ci": [
        0.5265504781408895,
        0.5902278044296841
      ],
      "exploit_median": 0.5413290324053043,
      "exploit_median_ci": [
        0.5100107372870306,
        0.588108675386815
      ],
      "worst_case_mean": -0.5310782634740323,
      "worst_case_ci": [
        -0.6433761530432042,
        -0.41781927763406945
      ]
    },
    "0.7": {
      "exploit_mean": 0.41529998643949684,
      "exploit_ci": [
        0.39093436646403834,
        0.43926367481995315
      ],
      "exploit_median": 0.4049228277067683,
      "exploit_median_ci": [
        0.37738283639602677,
        0.4399514372892498
      ],
      "worst_case_mean": -0.3876538069587299,
      "worst_case_ci": [
        -0.4990951822987067,
        -0.2736747429737119
      ]
    },
    "0.8": {
      "exploit_mean": 0.2745369521823562,
      "exploit_ci": [
        0.2580936780450121,
        0.29073633973123797
      ],
      "exploit_median": 0.2698133917335752,
      "exploit_median_ci": [
        0.2515885575973509,
        0.29145859443521277
      ],
      "worst_case_mean": -0.2468907727015893,
      "worst_case_ci": [
        -0.3589502400059967,
        -0.13288141088244498
      ]
    },
    "0.9": {
      "exploit_mean": 0.13632058413136577,
      "exploit_ci": [
        0.12809095526565203,
        0.14446964640313245
      ],
      "exploit_median": 0.1343615348739751,
      "exploit_median_ci": [
        0.12500231440189863,
        0.14374366917415163
      ],
      "worst_case_mean": -0.10867440465059888,
      "worst_case_ci": [
        -0.22153421950512012,
        0.006286562074581923
      ]
    },
    "1.0": {
      "exploit_mean": 3.5204998638516117e-15,
      "exploit_ci": [
        6.83180508692649e-16,
        8.38118376783603e-15
      ],
      "exploit_median": 1.3704315460216776e-16,
      "exploit_median_ci": [
        5.551115123125783e-17,
        3.0531133177191805e-16
      ],
      "worst_case_mean": 0.027646179480763363,
      "worst_case_ci": [
        -0.08636454483639397,
        0.14327408953984355
      ]
    }
  }
}