{
  "n_matchups": 500,
  "alphas": [
    0.0,
    0.1,
    0.2,
    0.3,
    0.4,
    0.5,
    0.6,
    0.7,
    0.8,
    0.9,
    1.0
  ],
  "per_alpha": {
    "0.0": {
      "exploit_mean": 1.407440022225582,
      "exploit_ci": [
        1.3554347842240244,
        1.4586988497060895
      ],
      "exploit_median": 1.3301095054569605,
      "exploit_median_ci": [
        1.2660122692922338,
        1.3962106578867461
      ],
      "worst_case_mean": -1.1861652129742064,
      "worst_case_ci": [
        -1.2698785073801504,
        -1.101018421177053
      ]
    },
    "0.1": {
      "exploit_mean": 1.256089568432059,
      "exploit_ci": [
        1.2096357160695406,
        1.3022756289200306
      ],
      "exploit_median": 1.1844185682696198,
      "exploit_median_ci": [
        1.129882541264609,
        1.2432503056203306
      ],
      "worst_case_mean": -1.0348147591806833,
      "worst_case_ci": [
        -1.1161472249547608,
        -0.9516899518569806
      ]
    },
    "0.2": {
      "exploit_mean": 1.1072443591807548,
      "exploit_ci": [
        1.0660465968681547,
        1.1479846460553762
      ],
      "exploit_median": 1.044250559164822,
      "exploit_median_ci": [
        0.9942824344407939,
        1.0943080626889523
      ],
      "worst_case_mean": -0.8859695499293794,
      "worst_case_ci": [
        -0.9658061108027268,
        -0.8048265402479716
      ]
    },
    "0.3": {
      "exploit_mean": 0.9614383893319168,
      "exploit_ci": [
        0.9253963687612625,
        0.9972887063420277
      ],
      "exploit_median": 0.8945729552169353,
      "exploit_median_ci": [
        0.8606707927730071,
        0.9438969389149967
      ],
      "worst_case_mean": -0.7401635800805414,
      "worst_case_ci": [
        -0.818742434522268,
        -0.6601181379829791
      ]
    },
    "0.4": {
      "exploit_mean": 0.8180625514975453,
      "exploit_ci": [
        0.7872169701297067,
        0.8486789741945827
      ],
      "exploit_median": 0.7606415671056966,
      "exploit_median_ci": [
        0.7342175423494731,
        0.7984147225388525
      ],
      "worst_case_mean": -0.5967877422461697,
      "worst_case_ci": [
        -0.6744895956558328,
        -0.5173171001149027
      ]
    },
    "0.5": {
      "exploit_mean": 0.6767601981106746,
      "exploit_ci": [
        0.651043660446774,
        0.7022542334950939
      ],
      "exploit_median": 0.632657006332542,
      "exploit_median_ci": [
        0.6059446851599315,
        0.6650547527284802
      ],
      "worst_case_mean": -0.45548538885929907,
      "worst_case_ci": [
        -0.5338720799102281,
        -0.3763372010777583
      ]
    },
    "0.6": {
      "exploit_mean": 0.5376710312340142,
      "exploit_ci": [
        0.5169890268110694,
        0.5577959264132444
      ],
      "exploit_median": 0.504077007080856,
      "exploit_median_ci": [
        0.482966640634385,
        0.5309509975253567
      ],
      "worst_case_mean": -0.3163962219826387,
      "worst_case_ci": [
        -0.3946706151631588,
        -0.23778763586839127
      ]
    },
    "0.7": {
      "exploit_mean": 0.4008069493330757,
      "exploit_ci": [
        0.3853479921754411,
        0.41593417938716803
      ],
      "exploit_median": 0.3777525113674278,
      "exploit_median_ci": [
        0.35877287366988486,
        0.397241061612225
      ],
      "worst_case_mean": -0.17953214008170018,
      "worst_case_ci": [
        -0.2571848020569419,
        -0.10036726553076314
      ]
    },
    "0.8": {
      "exploit_mean": 0.2656145881811921,
      "exploit_ci": [
        0.2553698388300686,
        0.27568928990537755
      ],
      "exploit_median": 0.25057812961758125,
      "exploit_median_ci": [
        0.23868585069803405,
        0.2631277540318101
      ],
      "worst_case_mean": -0.044339778929816664,
      "worst_case_ci": [
        -0.12307831741370517,
        0.035640108852825834
      ]
    },
    "0.9": {
      "exploit_mean": 0.13209065142612264,
      "exploit_ci": [
        0.12697399804307283,
        0.13707610401878342
      ],
      "exploit_median": 0.12483158613198649,
      "exploit_median_ci": [
        0.1188843251676825,
        0.1314072979882695
      ],
      "worst_case_mean": 0.08918415782525282,
      "worst_case_ci": [
        0.009499560265948937,
        0.17073284095829083
      ]
    },
    "1.0": {
      "exploit_mean": 1.0846636089301142e-15,
      "exploit_ci": [
        5.740826650862953e-16,
        1.6956219414665518e-15
      ],
      "exploit_median": 7.632783294297951e-17,
      "exploit_median_ci": [
        2.7755575615628914e-17,
        1.942890293094024e-16
      ],
      "worst_case_mean": 0.22127480925137438,
      "worst_case_ci": [
        0.14116855972621062,
        0.30400638821909737
      ]
    }
  }
}