{
  "n_matchups": 500,
  "bc_exploitability_mean": 1.4109043336829905,
  "bc_exploitability_mean_ci": [
    1.35937678687768,
    1.465197519553141
  ],
  "bc_exploitability_median": 1.315470956435123,
  "bc_exploitability_median_ci": [
    1.2561597207481245,
    1.3836191369280213
  ],
  "bc_exploitability_std": 0.5995354585607902,
  "game_value_mean": 0.22127480925137546,
  "game_value_std": 0.930848020670655,
  "bc_worst_case_mean": -1.1896295244316153,
  "bc_worst_case_mean_ci": [
    -1.2741006640101937,
    -1.1051284093368667
  ],
  "bc_vs_bc_mean": 0.19243683684507323,
  "bc_vs_bc_mean_ci": [
    0.1148143024408598,
    0.27338515118609963
  ],
  "best_response_to_bc_mean": 1.623690953368191,
  "best_response_to_bc_mean_ci": [
    1.5396765281520748,
    1.7124774338211033
  ],
  "stackelberg_gap_mean": 1.4024161441168155,
  "stackelberg_gap_mean_ci": [
    1.3532393423059734,
    1.4532794921195742
  ],
  "bootstrap": {
    "bc_exploitability": {
      "mean": 1.4109043336829905,
      "mean_ci_lo": 1.35937678687768,
      "mean_ci_hi": 1.465197519553141,
      "median": 1.315470956435123,
      "median_ci_lo": 1.2561597207481245,
      "median_ci_hi": 1.3836191369280213
    },
    "game_value": {
      "mean": 0.22127480925137546,
      "mean_ci_lo": 0.14060043851370524,
      "mean_ci_hi": 0.30542533185329124,
      "median": 0.08187732153492003,
      "median_ci_lo": 0.05377270234337675,
      "median_ci_hi": 0.1560269221186774
    },
    "bc_worst_case": {
      "mean": -1.1896295244316153,
      "mean_ci_lo": -1.2741006640101937,
      "mean_ci_hi": -1.1051284093368667,
      "median": -1.1838976353561528,
      "median_ci_lo": -1.2722266481447455,
      "median_ci_hi": -1.019384022026332
    },
    "bc_vs_bc": {
      "mean": 0.19243683684507323,
      "mean_ci_lo": 0.1148143024408598,
      "mean_ci_hi": 0.27338515118609963,
      "median": 0.10207494475487597,
      "median_ci_lo": 0.028473200259207656,
      "median_ci_hi": 0.16611937780342123
    },
    "best_response_to_bc": {
      "mean": 1.623690953368191,
      "mean_ci_lo": 1.5396765281520748,
      "mean_ci_hi": 1.7124774338211033,
      "median": 1.5502197909822808,
      "median_ci_lo": 1.4467415716630774,
      "median_ci_hi": 1.64097999030663
    },
    "stackelberg_gap": {
      "mean": 1.4024161441168155,
      "mean_ci_lo": 1.3532393423059734,
      "mean_ci_hi": 1.4532794921195742,
      "median": 1.3302313177293672,
      "median_ci_lo": 1.2914855517872337,
      "median_ci_hi": 1.3994590898181285
    }
  }
}