{
  "scale_0.25": {
    "noise_scale": 0.25,
    "noise_std": 0.2980424463748932,
    "n_matchups": 500,
    "tv_distance_mean": 0.6324212318427564,
    "tv_distance_std": 0.13722537026640325,
    "noisy_exploit_mean": 0.14317214757911859,
    "noisy_exploit_std": 0.04236529096298505,
    "value_change_mean": 0.08196640522788527,
    "value_change_std": 0.060797803425315586
  },
  "scale_0.5": {
    "noise_scale": 0.5,
    "noise_std": 0.5960848927497864,
    "n_matchups": 500,
    "tv_distance_mean": 0.7535539760798,
    "tv_distance_std": 0.09907487674952911,
    "noisy_exploit_mean": 0.24574334675836437,
    "noisy_exploit_std": 0.07943187709746202,
    "value_change_mean": 0.12001660778348903,
    "value_change_std": 0.09589734366339218
  },
  "scale_1.0": {
    "noise_scale": 1.0,
    "noise_std": 1.1921697854995728,
    "n_matchups": 500,
    "tv_distance_mean": 0.8451436447255501,
    "tv_distance_std": 0.06465286987552198,
    "noisy_exploit_mean": 0.3923024154639085,
    "noisy_exploit_std": 0.13095414162657915,
    "value_change_mean": 0.16777128165245977,
    "value_change_std": 0.13618591510835654
  },
  "scale_1.5": {
    "noise_scale": 1.5,
    "noise_std": 1.7882546782493591,
    "n_matchups": 500,
    "tv_distance_mean": 0.8844593915209918,
    "tv_distance_std": 0.048750706933481484,
    "noisy_exploit_mean": 0.498525225347585,
    "noisy_exploit_std": 0.16792919456833183,
    "value_change_mean": 0.20072349827503683,
    "value_change_std": 0.161619893428597
  },
  "scale_2.0": {
    "noise_scale": 2.0,
    "noise_std": 2.3843395709991455,
    "n_matchups": 500,
    "tv_distance_mean": 0.9063838889758956,
    "tv_distance_std": 0.0395977132979727,
    "noisy_exploit_mean": 0.5804835376836642,
    "noisy_exploit_std": 0.1973765381374295,
    "value_change_mean": 0.22653372557328208,
    "value_change_std": 0.18053332244526288
  }
}