{
  "systematic_direction": {
    "n_matchups": 500,
    "br_eq_bc_top": 0,
    "br_eq_bc_top_frac": 0.0,
    "target_distributions": {
      "bc_mean": {
        "opp_A": 0.26846348537352577,
        "opp_B": 0.2525710197444553,
        "ally": 0.009481006829108319,
        "self": 0.4694844880529106
      },
      "br_mean": {
        "opp_A": 0.365,
        "opp_B": 0.428,
        "ally": 0.019,
        "self": 0.188
      }
    },
    "offensive_fraction": {
      "bc": 0.521034505117981,
      "br": 0.7929999999999999,
      "delta": 0.27196549488201893
    },
    "joint_patterns": {
      "bc_mean": {
        "both_offensive": 0.2707149106780731,
        "mixed": 0.500639188879816,
        "both_support": 0.22864590044211092
      },
      "br_frac": {
        "mixed": 0.29,
        "both_offensive": 0.648,
        "both_support": 0.062
      }
    },
    "tera_usage": {
      "bc_frac": {
        "none": 0.7450457953776018,
        "tera_A": 0.14090599977085044,
        "tera_B": 0.11404820485154774
      },
      "br_frac": {
        "none": 0.006,
        "tera_A": 0.576,
        "tera_B": 0.418
      }
    }
  },
  "predictors": {
    "correlations": {
      "nash_support_p1": {
        "pearson_r": -0.07860504162293319,
        "pearson_p": 0.07909169598288138,
        "spearman_rho": -0.09448603926459029,
        "spearman_p": 0.034668318847976956
      },
      "n_actions_p1": {
        "pearson_r": -0.09929752678629597,
        "pearson_p": 0.026398907545177406,
        "spearman_rho": -0.08776779297727141,
        "spearman_p": 0.049829822046851435
      },
      "n_actions_p2": {
        "pearson_r": -0.07718501994613394,
        "pearson_p": 0.08467849154888024,
        "spearman_rho": -0.08570965326327475,
        "spearman_p": 0.05546000861505465
      },
      "game_value": {
        "pearson_r": 0.260695919242024,
        "pearson_p": 3.27123209453332e-09,
        "spearman_rho": 0.19753682214728857,
        "spearman_p": 8.59006243617603e-06
      },
      "abs_game_value": {
        "pearson_r": 0.2621549560410731,
        "pearson_p": 2.6537901916213365e-09,
        "spearman_rho": 0.20350209400837602,
        "spearman_p": 4.493536466674314e-06
      }
    },
    "regression": {
      "predictors": [
        "intercept",
        "nash_support_p1",
        "n_actions_p1",
        "abs_game_value"
      ],
      "coefficients": [
        1.5098420289076433,
        -0.01165156036317513,
        -0.0018554419712854232,
        0.2270768949861308
      ],
      "r_squared": 0.07685849491514862
    },
    "exploit_distribution": {
      "mean": 1.407440022225582,
      "std": 0.5992174870108697,
      "median": 1.3301095054569603,
      "q25": 0.9913475152792455,
      "q75": 1.7923357805266498,
      "min": 0.024271939896366397,
      "max": 3.7965440478275525,
      "frac_below_0.5": 0.042,
      "frac_above_2.0": 0.152
    }
  },
  "clusters": {
    "k": 4,
    "feature_names": [
      "bc_exploitability",
      "nash_support_p1",
      "n_actions_p1",
      "abs_game_value"
    ],
    "clusters": [
      {
        "cluster_id": 3,
        "n_matchups": 136,
        "mean_exploit": 1.1610813457572888,
        "mean_nash_support": 3.7794117647058822,
        "mean_n_actions": 122.6470588235294,
        "mean_abs_game_value": 0.33543503888321347,
        "exploit_range": [
          0.1000957322940781,
          2.59412571892342
        ],
        "label": "moderate_exploit"
      },
      {
        "cluster_id": 0,
        "n_matchups": 181,
        "mean_exploit": 1.331225807272216,
        "mean_nash_support": 2.0994475138121547,
        "mean_n_actions": 102.14917127071823,
        "mean_abs_game_value": 0.5030518199594847,
        "exploit_range": [
          0.024271939896366397,
          2.6845228778202883
        ],
        "label": "moderate_exploit"
      },
      {
        "cluster_id": 1,
        "n_matchups": 108,
        "mean_exploit": 1.389169201915433,
        "mean_nash_support": 2.490740740740741,
        "mean_n_actions": 160.05555555555554,
        "mean_abs_game_value": 0.6429968244847623,
        "exploit_range": [
          0.34847249803130315,
          3.0140829246877727
        ],
        "label": "moderate_exploit"
      },
      {
        "cluster_id": 2,
        "n_matchups": 75,
        "mean_exploit": 2.064410708888825,
        "mean_nash_support": 2.493333333333333,
        "mean_n_actions": 111.6,
        "mean_abs_game_value": 1.7956831191671578,
        "exploit_range": [
          0.8847472475574403,
          3.7965440478275525
        ],
        "label": "high_exploit"
      }
    ],