{
  "hp_mae": 13.55965805053711,
  "hp_rmse": 22.656478881835938,
  "hp_r2": 0.6299470663070679,
  "ko_auc": 0.9051119127462752,
  "ko_acc": 0.9097520482188617,
  "ko_bce": 0.22728994488716125,
  "weather_acc": 0.6760746381780778,
  "terrain_acc": 0.6464250911322048,
  "binary_field_acc": 0.8784302402521625,
  "reward_mae": 1.1921697854995728,
  "reward_rmse": 1.7273825407028198,
  "reward_correlation": 0.6031278700059571,
  "reward_bias": 0.2632564902305603
}