{
  "n_matchups": 500,
  "bc_exploitability_mean": 1.407440022225582,
  "bc_exploitability_mean_ci": [
    1.3552349792312068,
    1.460884286195972
  ],
  "bc_exploitability_median": 1.3301095054569603,
  "bc_exploitability_median_ci": [
    1.2660122692922333,
    1.3964833846904545
  ],
  "bc_exploitability_std": 0.5992174870108697,
  "game_value_mean": 0.22127480925137546,
  "game_value_std": 0.930848020670655,
  "bc_worst_case_mean": -1.1861652129742064,
  "bc_worst_case_mean_ci": [
    -1.2701479137411729,
    -1.101914228715652
  ],
  "bc_vs_bc_mean": 0.20227826958810738,
  "bc_vs_bc_mean_ci": [
    0.122840651008431,
    0.28176969334976576
  ],
  "best_response_to_bc_mean": 1.6283668162869804,
  "best_response_to_bc_mean_ci": [
    1.539942874246138,
    1.7161391434912243
  ],
  "stackelberg_gap_mean": 1.4070920070356046,
  "stackelberg_gap_mean_ci": [
    1.3572342434980604,
    1.4577606765048756
  ],
  "bootstrap": {
    "bc_exploitability": {
      "mean": 1.407440022225582,
      "mean_ci_lo": 1.3552349792312068,
      "mean_ci_hi": 1.460884286195972,
      "median": 1.3301095054569603,
      "median_ci_lo": 1.2660122692922333,
      "median_ci_hi": 1.3964833846904545
    },
    "game_value": {
      "mean": 0.22127480925137546,
      "mean_ci_lo": 0.1392831456490505,
      "mean_ci_hi": 0.30176910507003635,
      "median": 0.08187732153492003,
      "median_ci_lo": 0.05423189861876714,
      "median_ci_hi": 0.1505764426106215
    },
    "bc_worst_case": {
      "mean": -1.1861652129742064,
      "mean_ci_lo": -1.2701479137411729,
      "mean_ci_hi": -1.101914228715652,
      "median": -1.1873416984796794,
      "median_ci_lo": -1.2805724094862332,
      "median_ci_hi": -1.071506292711352
    },
    "bc_vs_bc": {
      "mean": 0.20227826958810738,
      "mean_ci_lo": 0.122840651008431,
      "mean_ci_hi": 0.28176969334976576,
      "median": 0.07726312497064927,
      "median_ci_lo": 0.031865920068533206,
      "median_ci_hi": 0.14917841465777598
    },
    "best_response_to_bc": {
      "mean": 1.6283668162869804,
      "mean_ci_lo": 1.539942874246138,
      "mean_ci_hi": 1.7161391434912243,
      "median": 1.5507343945993608,
      "median_ci_lo": 1.4018130058253306,
      "median_ci_hi": 1.6459657627130926
    },
    "stackelberg_gap": {
      "mean": 1.4070920070356046,
      "mean_ci_lo": 1.3572342434980604,
      "mean_ci_hi": 1.4577606765048756,
      "median": 1.3399420459145994,
      "median_ci_lo": 1.2807567040859902,
      "median_ci_hi": 1.4025270096937899
    }
  }
}