{
  "n_matchups": 500,
  "value_decomposition": {
    "game_value": {
      "mean": 0.22127480925137546,
      "mean_ci": [
        0.14012100697426266,
        0.3023341331208644
      ],
      "median": 0.08187732153492003,
      "median_ci": [
        0.05423189861876714,
        0.1560269221186774
      ]
    },
    "bc_vs_bc": {
      "mean": 0.2022782695881074,
      "mean_ci": [
        0.12170809200838871,
        0.2842805202879953
      ],
      "median": 0.07726312497064927,
      "median_ci": [
        0.029847849957994537,
        0.14917841465777598
      ]
    },
    "bc_p1_vs_nash_p2": {
      "mean": -0.7989157146388911,
      "mean_ci": [
        -0.8837004300937028,
        -0.7138300506844074
      ],
      "median": -0.7174216233358448,
      "median_ci": [
        -0.863113581490369,
        -0.5951696071928312
      ]
    },
    "nash_p1_vs_bc_p2": {
      "mean": 1.2544030434670674,
      "mean_ci": [
        1.1635722626032574,
        1.3456437553097376
      ],
      "median": 1.1173734203375338,
      "median_ci": [
        1.0424721541209834,
        1.2520646887063287
      ]
    },
    "bc_worst_case": {
      "mean": -1.1861652129742064,
      "mean_ci": [
        -1.2703597464246774,
        -1.0993794495826348
      ],
      "median": -1.1873416984796794,
      "median_ci": [
        -1.2811477969850662,
        -1.0582482965773867
      ]
    },
    "best_response_to_bc": {
      "mean": 1.6283668162869802,
      "mean_ci": [
        1.5403263523885113,
        1.7183411663978132
      ],
      "median": 1.5507343945993608,
      "median_ci": [
        1.3968890309224284,
        1.6451463155240678
      ]
    },
    "bc_exploit_p1": {
      "mean": 1.407440022225582,
      "mean_ci": [
        1.355094737931299,
        1.4607291993928038
      ],
      "median": 1.3301095054569603,
      "median_ci": [
        1.266115032595878,
        1.396210657886746
      ]
    },
    "bc_exploit_p2": {
      "mean": 1.4070920070356046,
      "mean_ci": [
        1.3581153113590851,
        1.4583585681621578
      ],
      "median": 1.3399420459145994,
      "median_ci": [
        1.2807567040859902,
        1.4025270096937899
      ]
    },
    "bc_vs_bc_minus_nash": {
      "mean": -0.01899653966326806,
      "mean_ci": [
        -0.07406510054256292,
        0.03527217119851367
      ],
      "median": -0.02628975226180511,
      "median_ci": [
        -0.07818468527781643,
        0.020030887153474796
      ]
    }
  },
  "cross_play_gaps": {
    "cross_gap_p1": {
      "mean": -1.0201905238902667,
      "mean_ci": [
        -1.0690555793287102,
        -0.9719235659821147
      ],
      "median": -1.0064658800249284,
      "median_ci": [
        -1.0509284095149338,
        -0.9218576246981001
      ]
    },
    "cross_gap_p2": {
      "mean": 1.0331282342156922,
      "mean_ci": [
        0.9856130276087897,
        1.080099288044548
      ],
      "median": 0.9746284513673302,
      "median_ci": [
        0.9197491884586191,
        1.0352017399056155
      ]
    },
    "abs_cross_gap_p1_mean": 1.0201905238902667,
    "abs_cross_gap_p2_mean": 1.0331282342156922,
    "n_same_sign": 0,
    "n_opposite_sign": 500,
    "n_zero": 0
  },
  "strategy_distances": {
    "tv_p1": {
      "mean": 0.9878987676405427,
      "mean_ci": [
        0.9847887550790618,
        0.9906567732614421
      ],
      "median": 0.9980740649499655,
      "median_ci": [
        0.9976370252243478,
        0.9985982785861811
      ]
    },
    "tv_p2": {
      "mean": 0.9890002212486605,
      "mean_ci": [
        0.9858240230758913,
        0.9917043361793089
      ],
      "median": 0.9983611128191029,
      "median_ci": [
        0.9977753805109661,
        0.9987252266027737
      ]
    },
    "tv_avg_mean": 0.9884494944446016,
    "tv_avg_median": 0.9968172801415931,
    "tv_avg_min": 0.7791525588428361,
    "tv_avg_max": 0.9999944868599814,
    "support_overlap_p1": {
      "mean": 0.6772,
      "mean_ci": [
        0.6436333333333334,
        0.7092
      ],
      "median": 0.9,
      "median_ci": [
        0.75,
        1.0
      ]
    },
    "support_overlap_p2": {
      "mean": 0.6836666666666668,
      "mean_ci": [
        0.6504325,
        0.7163016666666666
      ],
      "median": 1.0,
      "median_ci": [
        0.75,
        1.0
      ]
    },
    "bc_mass_on_nash_p1": {
      "mean": 0.012557926246656288,
      "mean_ci": [
        0.009645716039309887,
        0.015861369451512192
      ],
      "median": 0.0019259350500343986,
      "median_ci": [
        0.0014017214138188966,
        0.002362974775652264
      ]
    },
    "bc_mass_on_nash_p2": {
      "mean": 0.011186217849605879,
      "mean_ci": [
        0.008451258669507493,
        0.01434547358876632
      ],
      "median": 0.001638887180897123,
      "median_ci": [
        0.0012747733972261366,
        0.0022246194890339294
      ]
    },
    "nash_supp_size_p1_mean": 2.7,
    "nash_supp_size_p2_mean": 2.7,
    "bc_supp_size_p1_mean": 94.57,
    "bc_supp_size_p2_mean": 95.45
  },
  "regression": {
    "tv_vs_exploit": {
      "pearson_r": 0.17070435615088533,
      "p_value": 0.0001252067452459241,
      "slope": 3.184223461439941,
      "intercept": -1.740178056028356
    },
    "supp_size_vs_exploit": {
      "pearson_r": -0.08768300592239765,
      "p_value": 0.05005194327555528
    },
    "game_size_vs_exploit": {
      "pearson_r": -0.23495981984199935,
      "p_value": 1.064813322621727e-07
    }
  },
  "bootstrap": {
    "game_value": {
      "mean": 0.22127480925137546,
      "mean_ci_lo": 0.14012100697426266,
      "mean_ci_hi": 0.3023341331208644,
      "median": 0.08187732153492003,
      "median_ci_lo": 0.05423189861876714,
      "median_ci_hi": 0.1560269221186774
    },
    "bc_vs_bc": {
      "mean": 0.2022782695881074,
      "mean_ci_lo": 0.12170809200838871,
      "mean_ci_hi": 0.2842805202879953,
      "median": 0.07726312497064927,
      "median_ci_lo": 0.029847849957994537,
      "median_ci_hi": 0.14917841465777598
    },
    "bc_p1_vs_nash_p2": {
      "mean": -0.7989157146388911,
      "mean_ci_lo": -0.8837004300937028,
      "mean_ci_hi": -0.7138300506844074,
      "median": -0.7174216233358448,
      "median_ci_lo": -0.863113581490369,
      "median_ci_hi": -0.5951696071928312
    },
    "nash_p1_vs_bc_p2": {
      "mean": 1.2544030434670674,
      "mean_ci_lo": 1.1635722626032574,
      "mean_ci_hi": 1.3456437553097376,
      "median": 1.1173734203375338,
      "median_ci_lo": 1.0424721541209834,
      "median_ci_hi": 1.2520646887063287
    },
    "bc_worst_case": {
      "mean": -1.1861652129742064,
      "mean_ci_lo": -1.2703597464246774,
      "mean_ci_hi": -1.0993794495826348,
      "median": -1.1873416984796794,
      "median_ci_lo": -1.2811477969850662,
      "median_ci_hi": -1.0582482965773867
    },
    "best_response_to_bc": {
      "mean": 1.6283668162869802,
      "mean_ci_lo": 1.5403263523885113,
      "mean_ci_hi": 1.7183411663978132,
      "median": 1.5507343945993608,
      "median_ci_lo": 1.3968890309224284,
      "median_ci_hi": 1.6451463155240678
    },
    "bc_exploit_p1": {
      "mean": 1.407440022225582,
      "mean_ci_lo": 1.355094737931299,
      "mean_ci_hi": 1.4607291993928038,
      "median": 1.3301095054569603,
      "median_ci_lo": 1.266115032595878,
      "median_ci_hi": 1.396210657886746
    },
    "bc_exploit_p2": {
      "mean": 1.4070920070356046,
      "mean_ci_lo": 1.3581153113590851,
      "mean_ci_hi": 1.4583585681621578,
      "median": 1.3399420459145994,
      "median_ci_lo": 1.2807567040859902,
      "median_ci_hi": 1.4025270096937899
    },
    "cross_gap_p1": {
      "mean": -1.0201905238902667,
      "mean_ci_lo": -1.0690555793287102,
      "mean_ci_hi": -0.9719235659821147,
      "median": -1.0064658800249284,
      "median_ci_lo": -1.0509284095149338,
      "median_ci_hi": -0.9218576246981001
    },
    "cross_gap_p2": {
      "mean": 1.0331282342156922,